AppNum,Handle,AddrNum,AddrSuf,StDir,StName,StType,UnitNum,MainStrucType,IssueDate,EstProjectCost,AppDescription
504410,11155000100,1500,-12,NA,BRANCH,ST,NA,2,5/2/2016 0:00:00,$100.00,WRECK 2 STORY MULTIFAMILY BRICK HOUSE
517560,14628060130,6905,NA,NA,MANCHESTER,AV,NA,6,2/4/2016 0:00:00,$200.00,HAND WRECK COMMERCIAL PAGODA
524456,15071000230,3926,NA,NA,RANDALL,ST,NA,1,1/29/2016 0:00:00,$11575.00,WRECK 1 STORY 1 FAMILY FRAME HOUSE
524783,13566000040,4128,NA,W,GREEN LEA,PL,NA,1,5/19/2016 0:00:00,$0.00,WRECK 1 STORY 1 FAMILY BRICK HOUSE
525428,13353000010,4304,-06,NA,DESOTO,AV,NA,1,1/26/2016 0:00:00,$6000.00,WRECK 2 STORY 2 FAMILY BRICK HOUSE
525510,12575000040,3934,NA,NA,LOUISIANA,AV,NA,1,6/24/2016 0:00:00,$4800.00,WRECK 2 STORY SINGLE FAMILY BRICK HOUSE
525566,15321000210,4968,NA,NA,THRUSH,AV,NA,1,2/18/2016 0:00:00,$7300.00,WRECK 1 STORY 1 FAMILY FRAME HOUSE (PKG 44-FY16)
525567,15531000110,5242,NA,NA,GENEVIEVE,AV,NA,1,1/19/2016 0:00:00,$8500.00,WRECK 2 STORY 2 FAMILY BRICK HOUSE (PKG 44-FY16)
525569,15672010450,4737,NA,NA,GENEVIEVE,AV,NA,1,4/19/2016 0:00:00,$9000.00,WRECK 1.5 STORY 1 FAMILY FRAME HOUSE (PKG 44-FY16)
525925,14251000170,1017,NA,NA,TILLIE,AV,NA,1,3/2/2016 0:00:00,$5000.00,WRECK 1 STORY SINGLE FAMILY BRICK HOUSE
525927,14251000180,1019,NA,NA,TILLIE,AV,NA,1,3/2/2016 0:00:00,$5000.00,WRECK 1 STORY SINGLE FAMILY BRICK HOUSE
525967,13816100050,1326,NA,NA,SHAWMUT,PL,NA,1,1/27/2016 0:00:00,$6500.00,WRECK 2 STORY 2 FAMILY BRICK HOUSE
526209,13633000180,3867,-69,NA,GARFIELD,AV,NA,20,4/18/2016 0:00:00,$5000.00,WRECK 2 STORY COMMERCIAL BRICK BLDG
526260,15414000310,5249,NA,NA,GILMORE,AV,NA,1,2/10/2016 0:00:00,$8900.00,WRECK 1.5 STORY SINGLE FAMILY FRAME HOUSE
526496,14497040110,5237,NA,NA,ST LOUIS,AV,NA,1,1/5/2016 0:00:00,$15500.00,WRECK 1 STORY 1 FAMILY BRICK HOUSE
526547,12723000180,4541,NA,NA,MICHIGAN,AV,NA,1,2/17/2016 0:00:00,$4000.00,WRECK 1 STORY 1 FAMILY BRICK HOUSE (PKG 51-FY 16)
526548,11667050180,3657,-59,NA,MARINE,AV,NA,1,2/17/2016 0:00:00,$3500.00,WRECK 2 STORY 2 FAMILY BRICK HOUSE (PKG 51-FY 16)
526549,11657000220,2112,NA,NA,CHIPPEWA,ST,NA,1,1/25/2016 0:00:00,$4450.00,WRECK 2 STORY 2 FAMILY BRICK HOUSE (PKG 52-FY16)
526550,14180000110,3727,NA,NA,CHIPPEWA,ST,NA,23,1/25/2016 0:00:00,$4110.00,WRECK FRAME GARAGE ONLY(PKG-52 FY 16)
526554,11129000130,1309,NA,NA,SULLIVAN,AV,NA,20,1/29/2016 0:00:00,$12900.00,WRECK 2 STORY BRICK BUILDING  (PKG 53-FY16)
526557,11129000120,2903,-05,N,13TH,ST,NA,20,1/29/2016 0:00:00,$12900.00,WRECK COMMERCIAL BUILDING  (PKG 53-FY16)
526558,13305000200,3771,NA,NA,LEE,AV,NA,1,1/25/2016 0:00:00,$4000.00,WRECK 1 STORY 1 FAMILY BRICK HOUSE  (PKG 54-FY 16)
526560,13305000190,3769,NA,NA,LEE,AV,NA,1,1/22/2016 0:00:00,$4000.00,WRECK 1 STORY 1 FAMILY BRICK HOUSE (PKG 54-FY16)
526563,13587000280,3840,-42,NA,LEE,AV,NA,1,1/22/2016 0:00:00,$7000.00,WRECK 2 STORY 2 FAMILY BRICK HOUSE (PKG 54-FY16)
526564,11239000130,3954,-56,N,21ST,ST,NA,2,1/8/2016 0:00:00,$3900.00,WRECK 2 STORY 4 FAMILY BRICK HOUSE (PKG 55-FY16)
526565,11239000140,3958,-60,N,21ST,ST,NA,2,1/8/2016 0:00:00,$4900.00,WRECK 2 STORY 4 FAMILY BRICK HOUSE  (PKG 55-FY16)
526569,13348060010,861,NA,E,PRAIRIE,AV,NA,20,1/4/2016 0:00:00,$8900.00,WRECK COMMERCIAL BUILDING (PKG 56-FY16)
526631,12855000140,411,NA,NA,BATES,ST,NA,1,2/5/2016 0:00:00,$6700.00,WRECK 2 STORY 2 FAMILY BRICK HOUSE
526685,14275180247,8350,-84,N,BROADWAY,NA,NA,20,3/17/2016 0:00:00,$143000.00,WRECK COMMERCIAL BUILDING
526695,12432000340,4403,NA,N,20TH,ST,NA,1,1/27/2016 0:00:00,$2250.00,WRECK 2 STORY 2 FAMILY BRICK HOUSE
526696,12432000330,4405,-07,N,20TH,ST,NA,1,1/27/2016 0:00:00,$2500.00,WRECK 2 STORY 2 FAMILY BRICK HOUSE
526716,15805000190,6207,NA,W,FLORISSANT,AV,NA,20,1/4/2016 0:00:00,$8300.00,WRECK COMMERCIAL BUILDING (PKG 57-FY16)
526717,15804000080,6106,NA,NA,NORTH POINTE,BLVD,NA,1,1/27/2016 0:00:00,$9500.00,WRECK 1 STORY 1 FAMILY BRICK HOUSE  (PKG 57-FY16)
526718,13775030270,4556,-58,NA,DR MARTIN LUTHER KING,DR,NA,20,1/15/2016 0:00:00,$2999.00,WRECK COMMERCIAL BUILDING  (PKG 59-FY16)
526731,12432000320,4409,NA,N,20TH,ST,NA,1,1/8/2016 0:00:00,$4950.00,WRECK 3 STORY 2 FAMILY BRICK HOUSE (PKG 60-FY16)
526732,12432000310,4411,-13,N,20TH,ST,NA,2,1/11/2016 0:00:00,$4900.00,WRECK 2 STORY 4 FAMILY BRICK HOUSE (PKG 60-FY16)
526733,15533000450,5217,NA,N,EUCLID,AV,NA,1,1/12/2016 0:00:00,$7900.00,WRECK 1 STORY 1 FAMILY FRAME HOUSE (PKG 61-FY16)
526735,14391020170,4844,NA,NA,CARTER,AV,NA,1,1/12/2016 0:00:00,$7900.00,WRECK 1 STORY 1 FAMILY FRAME HOUSE (PKG 61-FY16)
526736,14406120200,4627,NA,NA,KOSSUTH,AV,NA,1,2/25/2016 0:00:00,$7900.00,WRECK 1 STORY 1 FAMILY BRICK HOUSE  (PKG 61-FY16)
526758,15124000010,5400,NA,NA,PLOVER,AV,NA,20,2/19/2016 0:00:00,$6500.00,WRECK COMMERCIAL BUILDING   (PKG 62-FY16
526760,15330000420,5347,NA,NA,ARLINGTON,AV,NA,1,3/15/2016 0:00:00,$7250.00,WRECK 1 STORY 1 FAMILY BRICK HOUSE (PKG 62-PKG 16)
526761,15131000030,5510,NA,NA,PLOVER,AV,NA,1,2/19/2016 0:00:00,$6900.00,WRECK 1 STORY 1 FAMILY BRICK HOUSE (PKG 62-FY16)
526762,15528000490,5417,NA,NA,BEACON,AV,NA,1,3/15/2016 0:00:00,$9650.00,WRECK 1.5 STORY 1 FAMILY FRAME HOUSE (PKG 29-FY 16)
526885,13761060630,4631,NA,NA,ENRIGHT,AV,NA,1,4/22/2016 0:00:00,$8850.00,WRECK 2 STORY 1 FAMILY BRICK HOUSE (PKG 66-FY16)
526887,13699180151,1510,-12,N,NEWSTEAD,AV,NA,20,2/25/2016 0:00:00,$7999.00,WRECK COMMERCIAL BUILDING  (PKG 64-FY16)
526909,13652000405,2606,NA,N,SARAH,ST,NA,1,4/1/2016 0:00:00,$6600.00,WRECK 1 STORY 1 FAMILY FRAME HOUSE (PKG 63-FY16)
526910,13666000400,2605,-07,N,SARAH,ST,NA,1,2/24/2016 0:00:00,$6700.00,WRECK 1 STORY 1 FAMILY BRICK HOUSE (PKG 63-FY16)
526911,13653000110,4026,NA,NA,COTTAGE,AV,NA,1,4/1/2016 0:00:00,$6700.00,WRECK 1 STORY 1 FAMILY FRAME HOUSE (PKG 63-FY16)
526912,14467040340,3129,NA,NA,ROLLA,PL,NA,1,1/29/2016 0:00:00,$6500.00,WRECK 1 STORY 1 FAMILY BRICK HOUSE (PKG 68-FY16)
526913,14467040350,3127,NA,NA,ROLLA,PL,NA,1,1/29/2016 0:00:00,$5850.00,WRECK 1 STORY 1 FAMILY BRICK HOUSE (PKG 68-FY16)
526914,14467040330,3131,NA,NA,ROLLA,PL,NA,1,1/29/2016 0:00:00,$6050.00,WRECK 1 STORY 1 FAMILY BRICK HOUSE ( PKG 68-FY16)
526916,14467040320,3133,NA,NA,ROLLA,PL,NA,1,1/29/2016 0:00:00,$6150.00,WRECK 1 STORY 1 FAMILY BRICK HOUSE (PKG 68-FY16)
526917,14567000426,4271,-73,NA,WEST BELLE,PL,NA,1,2/19/2016 0:00:00,$8400.00,WRECK 2 STORY 2 FAMILY BRICK HOUSE (PKG 65-FY16)
526918,14571000370,4329,NA,NA,ENRIGHT,AV,NA,1,2/19/2016 0:00:00,$8400.00,WRECK 2 STORY 1 FAMILY BRICK HOUSE (PKG 65-FY16)
526930,13673000270,4209,NA,NA,MAFFITT,AV,NA,1,1/12/2016 0:00:00,$5716.00,WRECK 2 STORY 2 FAMILY BRICK HOUSE (PKG 67-FY16)
526931,13673000515,4267,-69,NA,MAFFITT,AV,NA,2,1/12/2016 0:00:00,$5716.00,WRECK 2 STORY 4 FAMILY BRICK HOUSE (PKG 67-FY16)
526933,13668000320,4151,NA,NA,MAFFITT,AV,NA,1,1/12/2016 0:00:00,$5718.00,WRECK 2 STORY 2 FAMILY BRICK HOUSE (PKG 67-FY16)
526991,19084000170,3296,NA,S,KINGSHIGHWAY,BLVD,NA,20,2/25/2016 0:00:00,$5000.00,WRECK COMMERCIAL BUILDING (PARTIAL-FRONT BLDG ONLY)
527077,12181050100,3651,NA,NA,HICKORY,ST,NA,1,1/22/2016 0:00:00,$5000.00,WRECK 1 STORY 1 FAMILY BRICK HOUSE
527079,12181050110,3655,NA,NA,HICKORY,ST,NA,1,1/22/2016 0:00:00,$5000.00,WRECK 1 STORY 1 FAMILY BRICK HOUSE
527081,15043000480,4571,NA,NA,OAKLAND,AV,NA,1,4/28/2016 0:00:00,$11737.00,WRECK 1 STORY 1 FAMILY BRICK HOUSE
527125,14208180160,7201,NA,NA,HALL,ST,NA,20,2/5/2016 0:00:00,$58973.00,WRECK COMMERCIAL BUILDING
527127,14208180185,7301,NA,NA,HALL,ST,NA,20,2/5/2016 0:00:00,$58973.00,WRECK COMMERCIAL BUILDING
527143,15232000040,5008,NA,NA,BEACON,AV,NA,1,3/31/2016 0:00:00,$6900.00,(EMERGENCY 69-16)WRECK 1.5 1 FAMILY FRAME HOUSE
527144,15322000310,5039,NA,NA,GENEVIEVE,AV,NA,1,4/11/2016 0:00:00,$6900.00,(EMERGENCY 69-16)WRECK 2 STORY 1 FAMILY FRAME HOUSE
527145,15672010430,4743,NA,NA,GENEVIEVE,AV,NA,1,3/31/2016 0:00:00,$6900.00,EMERGENCY 69-16)WRECK 1 STORY 1 FAMILY FRAME HOUSE
527147,15330000430,5345,NA,NA,ARLINGTON,AV,NA,1,3/25/2016 0:00:00,$5900.00,(EMERGENCY 69-16)WRECK 1 STORY 1 FAMILY FRAME HOUSE
527152,13624000190,3128,NA,NA,FAIR,AV,NA,1,3/24/2016 0:00:00,$5000.00,WRECK 2 STORY 2 FAMILY BRICK HOUSE (PKG 72-FY16)
527153,13624000200,3130,NA,NA,FAIR,AV,NA,1,3/24/2016 0:00:00,$4000.00,WRECK 2 STORY 2 FAMILY BRICK HOUSE (PKG 72-FY16)
527154,14467040170,3114,-16,NA,NEW ASHLAND,PL,NA,2,3/15/2016 0:00:00,$4200.00,WRECK 2 STORY 4 FAMILY BRICK HOUSE (PKG 72-FY16)
527204,13560000085,4522,NA,NA,POPE,AV,NA,1,2/17/2016 0:00:00,$6900.00,WRECK 1.5 STORY SINGLE FAMILY FRAME HOUSE (PKG 73-FY16)
527205,13560000085,4524,NA,NA,POPE,AV,NA,1,2/22/2016 0:00:00,$6900.00,WRECK 1.5 STORY SINGLE FAMILY FRAME HOUSE (PKG 73-FY16)
527232,13667000050,4146,NA,NA,MAFFITT,AV,NA,1,2/10/2016 0:00:00,$4000.00,WRECK 2 STORY 2 FAMILY BRICK HOUSE
527233,16328000060,4200,NA,NA,GRAVOIS,AV,NA,1,3/30/2016 0:00:00,$8500.00,WRECK 2 STORY 2 FAMILY BRICK HOUSE
527234,16328000050,4204,NA,NA,GRAVOIS,AV,NA,1,3/23/2016 0:00:00,$8500.00,WRECK 2 STORY 4 FAMILY BRICK HOUSE
527235,16328000040,4212,-14,NA,GRAVOIS,AV,NA,20,4/5/2016 0:00:00,$8500.00,WRECK COMMERCIAL BUILDING
527236,16328000080,4096,-98,NA,MERAMEC,ST,NA,2,3/23/2016 0:00:00,$7000.00,WRECK 2 STORY 4 FAMILY BRICK HOUSE
527239,13892000010,32,-40,N,EUCLID,AV,NA,20,2/19/2016 0:00:00,$67000.00,WRECK 1 STORY COMMERCIAL BUILDING
527245,16484000010,1106,NA,N,JEFFERSON,AV,NA,20,2/19/2016 0:00:00,$242300.00,WRECK CHURCH (PARTIAL)
527261,13767000340,1119,NA,NA,AUBERT,AV,NA,1,2/16/2016 0:00:00,$7000.00,WRECK 2 STORY 1 FAMILY BRICK HOUSE
527268,13100000210,7602,NA,NA,VERMONT,AV,NA,1,3/7/2016 0:00:00,$7900.00,WRECK 1 STORY SINGLE FAMILY FRAME HOUSE (PKG 77-FY16)
527291,13776000110,4500,-02,NA,DR MARTIN LUTHER KING,DR,NA,2,2/29/2016 0:00:00,$23000.00,(CITY EMERGENCY) WRECK 2 STORY BRICK MIXED USE BUILDING
527298,15568000400,5233,NA,NA,EMERSON,AV,NA,1,2/17/2016 0:00:00,$5800.00,WRECK 1 STORY SINGLE FAMILY BRICK HOUSE (PKG 76-FY16)
527300,15483000290,4767,NA,NA,THRUSH,AV,NA,1,2/26/2016 0:00:00,$5000.00,WRECK 1 STORY 2 FAMILY FRAME HOUSE & GARAGE (PKG 76-FY16)
527301,15322000150,5062,NA,NA,THRUSH,AV,NA,1,2/26/2016 0:00:00,$5000.00,WRECK 1.5 STORY SINGLE FAMILY FRAME HOUSE (PKG 76-FY16)
527308,15965000120,6475,R,NA,LLOYD,AV,NA,23,1/22/2016 0:00:00,$1500.00,WRECK FRAME GARAGE - REAR
527318,13917000140,4235,-37,NA,DUNCAN,AV,NA,20,2/18/2016 0:00:00,$34930.00,WRECK WAREHOUSE
527319,13917000150,4239,NA,NA,DUNCAN,AV,NA,20,2/18/2016 0:00:00,$16695.00,WRECK COMMERCIAL BLDG
527320,13917000030,4246,NA,NA,FOREST PARK,AV,NA,20,3/3/2016 0:00:00,$50220.00,WRECK 2 STORY BRICK COMMERCIAL BLDG
527321,13917000020,4248,-52,NA,FOREST PARK,AV,NA,20,3/21/2016 0:00:00,$50220.00,WRECK 2 STORY WAREHOUSE
527333,15339000350,4949,NA,NA,NAGEL,AV,NA,1,2/9/2016 0:00:00,$7000.00,WRECK 1 STORY 1 FAMILY FRAME HOUSE
527356,13651010180,4018,NA,NA,MAFFITT,AV,NA,1,2/19/2016 0:00:00,$5000.00,WRECK 2 STORY SINGLE FAMILY BRICK HOUSE (PKG 78-FY16)
527357,15202000535,5703,NA,NA,MAFFITT,AV,NA,1,2/17/2016 0:00:00,$5000.00,WRECK 1 STORY SINGLE FAMILY FRAME HOUSE (PKG 78-FY16)
527358,11882000080,1437,NA,N,GRAND,BLVD,NA,20,2/17/2016 0:00:00,$9100.00,WRECK COMMERCIAL BUILDING (PKG 79-FY16)
527359,13639000130,3908,NA,NA,GARFIELD,AV,NA,1,2/17/2016 0:00:00,$6000.00,WRECK 2 STORY SINGLE FAMILY BRICK HOUSE (PKG 79-FY16)
527384,15819000120,4066,REAR,NA,CONCORDIA,AV,NA,1,1/28/2016 0:00:00,$0.00,WRECK 1 CAR FRAME GARAGE
527393,13727000480,4375,NA,NA,EVANS,AV,NA,1,2/25/2016 0:00:00,$11500.00,WRECK 2 STORY 1 FAMILY BRICK HOUSE
527433,15585000280,5416,NA,NA,NEOSHO,ST,NA,23,2/2/2016 0:00:00,$1000.00,WRECK 2 CAR GARAGE (MACHINE WRECK)
527435,15318000390,4525,R,NA,ALCOTT,AV,NA,23,2/2/2016 0:00:00,$500.00,WRECK FRAME GARAGE-REAR
527445,13623000080,3040,-44,NA,WHITTIER,ST,NA,2,3/2/2016 0:00:00,$6000.00,WRECK 2 STORY BRICK BUILDING (PKG 80-FY 16)
527475,15015000120,3232,R,NA,LONGFELLOW,BLVD,NA,23,2/4/2016 0:00:00,$4000.00,WRECK 1 STORY BRICK GARAGE
527485,14511000210,5200,NA,NA,COTE BRILLIANTE,AV,NA,1,3/11/2016 0:00:00,$5200.00,WRECK 1.5 STORY SINGLE FAMILY FRAME HOUSE (PKG 81-FY16)
527486,14479000320,4705,-07,NA,ST LOUIS,AV,NA,2,3/11/2016 0:00:00,$4700.00,WRECK 2 STORY 4 FAMILY BRICK HOUSE (PKG 81-FY16)
527487,11008000070,2900,-02,NA,GAMBLE,ST,NA,20,3/17/2016 0:00:00,$6800.00,WRECK COMMERCIAL BUILDING (PKG 82-FY16)
527557,11560000090,3430,NA,S,JEFFERSON,AV,NA,23,2/10/2016 0:00:00,$500.00,WRECK 1 CAR WOOD GARAGE
527617,13013000130,6918,NA,NA,PENNSYLVANIA,AV,NA,1,3/22/2016 0:00:00,$5000.00,WRECK 1 STORY 1 FAMILY BRICK HOUSE (PKG 83-FY16)
527619,11644000060,3828,NA,NA,IOWA,AV,NA,1,4/1/2016 0:00:00,$5000.00,WRECK 1 STORY 1 FAMILY BRICK HOUSE (PKG 83-FY16)
527627,14383290030,4114,NA,N,KINGSHIGHWAY,BLVD,NA,1,4/12/2016 0:00:00,$4300.00,WRECK 2 STORY SINGLE FAMILY FRAME HOUSE (PKG 84-FY16)
527628,14514000420,5357,NA,NA,COTE BRILLIANTE,AV,NA,1,3/24/2016 0:00:00,$4800.00,WRECK 2 STORY SINGLE FAMILY BRICK HOUSE (PKG 84-FY16)
527655,12767000040,4664,-R,NA,TENNESSEE,AV,NA,23,2/17/2016 0:00:00,$2800.00,CITY PKG 86-FY16)WRECK REAR GARAGE ONLY
527688,13768030250,1237,-39,N,EUCLID,AV,NA,2,5/2/2016 0:00:00,$2000.00,WRECK 2 STORY 4 FAMILY BRICK HOUSE (PKG 85-FY16)
527689,13789000080,5064,NA,NA,WELLS,AV,NA,1,6/1/2016 0:00:00,$2000.00,WRECK 2 STORY 1 FAMILY BRICK HOUSE (PKG 85-FY16)
527690,11139000110,1943,NA,NA,HEBERT,ST,NA,1,6/1/2016 0:00:00,$1900.00,WRECK 3 STORY 2 FAMILY BRICK HOUSE (PKG 85-FY16)
527693,14566000145,4130,-32,NA,C D BANKS,AV,NA,20,4/4/2016 0:00:00,$13608.00,WRECK COMMERCIAL BUILDING
527694,14566000145,4136,NA,NA,C D BANKS,AV,NA,1,4/4/2016 0:00:00,$13608.00,WRECK 1 STORY SINGLE FAMILY FRAME HOUSE
527695,14566000145,4138,NA,NA,C D BANKS,AV,NA,1,4/15/2016 0:00:00,$13608.00,WRECK 2 STORY 2 FAMILY BRICK HOUSE
527696,14566000145,4150,NA,NA,C D BANKS,AV,NA,1,4/29/2016 0:00:00,$13608.00,WRECK 1 STORY 1 FAMILY FRAME HOUSE
527697,14566000145,4154,NA,NA,C D BANKS,AV,NA,1,4/15/2016 0:00:00,$13608.00,WRECK 1 STORY 1 FAMILY BRICK HOUSE
527700,14566000145,4174,NA,NA,C D BANKS,AV,NA,1,4/13/2016 0:00:00,$13608.00,WRECK 2 STORY 1 FAMILY BRICK HOUSE
527702,14566000145,4180,NA,NA,C D BANKS,AV,NA,20,4/13/2016 0:00:00,$13608.00,WRECK COMMERCIAL BUILDING
527703,14563000035,4148,-4200,NA,FINNEY,AV,NA,20,4/29/2016 0:00:00,$13608.00,WRECK COMMERCIAL BUILDING
527704,14563000035,4208,NA,NA,FINNEY,AV,NA,1,3/29/2016 0:00:00,$13608.00,WRECK 2 STORY 1 FAMILY BRICK HOUSE
527705,14563000035,4210,NA,NA,FINNEY,AV,NA,1,3/29/2016 0:00:00,$13608.00,WRECK 2 STORY 1 FAMILY BRICK HOUSE
527706,14563000035,4212,NA,NA,FINNEY,AV,NA,1,3/29/2016 0:00:00,$13608.00,WRECK 2 STORY 1 FAMILY BRICK HOUSE
527707,13962000190,4123,NA,NA,SARPY,AV,NA,20,3/29/2016 0:00:00,$22736.00,WRECK INDUSTRIAL BLDG
527708,14563000035,4202,NA,NA,FINNEY,AV,NA,20,4/4/2016 0:00:00,$13608.00,WRECK COMMERCIAL BUILDING
527711,13962000130,4101,NA,NA,SARPY,AV,NA,20,3/29/2016 0:00:00,$22736.00,WRECK INDUSTRIAL BLDG
527713,13962000120,4100,NA,NA,CLAYTON,AV,NA,20,3/29/2016 0:00:00,$22736.00,WRECK INDUSTRIAL BLDG
527714,13962000110,4108,NA,NA,CLAYTON,AV,NA,20,3/29/2016 0:00:00,$22736.00,WRECK INDUSTRIAL BLDG
527718,13962000090,4112,NA,NA,CLAYTON,AV,NA,20,4/5/2016 0:00:00,$22736.00,WRECK INDUSTRIAL BLDG
527719,13962000080,4120,NA,NA,CLAYTON,AV,NA,20,3/29/2016 0:00:00,$22736.00,WRECK INDUSTRIAL BLDG
527720,13962000050,4130,NA,NA,CLAYTON,AV,NA,20,4/7/2016 0:00:00,$22736.00,WRECK INDUSTRIAL BLDG
527721,13962000030,4146,NA,NA,CLAYTON,AV,NA,20,4/7/2016 0:00:00,$22736.00,WRECK INDUSTRIAL BLDG
527793,11929000270,3707,NA,NA,KOSSUTH,AV,NA,1,3/22/2016 0:00:00,$44507.81,WRECK 2 STORY 2 FAMILY BRICK HOUSE
527795,15425000090,6028,-30R,NA,KINGSBURY,AV,NA,23,3/4/2016 0:00:00,$3000.00,WRECK 1 CAR BRICK GARAGE
527808,11401130200,2405,-07,NA,INDIANA,AV,NA,2,3/16/2016 0:00:00,$5000.00,WRECK 2 STORY 4 FAMILY BRICK HOUSE
527826,13965000060,4232,NA,NA,PAPIN,ST,NA,1,3/31/2016 0:00:00,$10000.00,WRECK 1 STORY 1 FAMILY FRAME HOUSE
527828,13928000245,3741,NA,NA,LACLEDE,AV,NA,2,3/16/2016 0:00:00,$18000.00,WRECK 2 STORY 3 FAMILY BRICK HOUSE
527829,13928000245,3743,NA,NA,LACLEDE,AV,NA,2,3/16/2016 0:00:00,$18000.00,WRECK 2 STORY 3 FAMILY BRICK HOUSE
527830,13928000245,3745,NA,NA,LACLEDE,AV,NA,2,3/16/2016 0:00:00,$18500.00,WRECK 2 STORY 3 FAMILY BRICK HOUSE
527865,13711010060,4668,NA,NA,LABADIE,AV,NA,1,4/5/2016 0:00:00,$2050.00,WRECK 2 STORY 2 FAMILY BRICK HOUSE
527870,16069000280,3523,-R,NA,LAWN,AV,NA,23,3/2/2016 0:00:00,$2112.00,WRECK 2 CAR BRICK GARAGE
527890,15052000280,4743,-45,NA,MCMILLAN,AV,NA,2,4/15/2016 0:00:00,$6900.00,WRECK 2 STORY 4 FAMILY BRICK HOUSE
527895,11312000260,1721,-R,NA,OREGON,PL,NA,23,4/13/2016 0:00:00,$5500.00,(EMERGENCY PKG 87-FY16)WRECK REAR 2-STORY GARAGE ONLY
527897,13977000290,4233,NA,NA,NORFOLK,AV,NA,1,4/6/2016 0:00:00,$8300.00,WRECK 2 STORY 2 FAMILY BRICK HOUSE
527898,15281000210,5507,NA,NA,LABADIE,AV,NA,1,3/30/2016 0:00:00,$6150.00,WRECK 1 STORY 1 FAMILY FRAME HOUSE (PKG 88-FY16)
527899,13737000220,3707,NA,NA,FINNEY,AV,NA,1,3/30/2016 0:00:00,$3650.00,WRECK 2 STORY 1 FAMILY BRICK HOUSE  (PKG 88-FY16)
527900,13311000020,1444,NA,E,PRAIRIE,AV,NA,1,4/19/2016 0:00:00,$3998.00,WRECK 2 STORY 2 FAMILY BRICK HOUSE (PKG 89-FY16)
527901,12436000180,4257,NA,N,20TH,ST,NA,20,6/1/2016 0:00:00,$3998.00,WRECK COMMERCIAL BUILDING (PKG 89-FY16)
527902,13629010100,3836,NA,NA,MAFFITT,AV,NA,1,4/14/2016 0:00:00,$3998.00,WRECK 2 STORY 1 FAMILY BRICK HOUSE (PKG 89-FY16)
527906,14820000420,6921,NA,NA,ODELL,ST,NA,1,3/16/2016 0:00:00,$6000.00,WRECK 1 STORY 1 FAMILY FRAME HOUSE
527907,14820000410,6927,NA,NA,ODELL,ST,NA,1,3/16/2016 0:00:00,$7940.00,WRECK 1 STORY 1 FAMILY FRAME HOUSE
527924,15844000140,4325,NA,NA,LOUGHBOROUGH,AV,NA,23,3/4/2016 0:00:00,$800.00,HAND WRECK 1 CAR FRAME GARAGE
527926,19115000351,8975,NA,NA,RIVERVIEW,DR,NA,1,4/7/2016 0:00:00,$5000.00,WRECK 1 STORY SINGLE FAMILY FRAME HOUSE
527928,19115000351,8979,NA,NA,RIVERVIEW,DR,NA,1,4/7/2016 0:00:00,$5000.00,WRECK 1 STORY SINGLE FAMILY FRAME HOUSE
527929,19115000351,8983,NA,NA,RIVERVIEW,DR,NA,1,4/7/2016 0:00:00,$5000.00,WRECK 2 STORY SINGLE FAMILY FRAME HOUSE
527930,19115000351,9001,NA,NA,RIVERVIEW,DR,NA,1,4/7/2016 0:00:00,$5000.00,WRECK 1 1/2 STORY SINGLE FAMILY FRAME HOUSE
527932,19115000351,9007,NA,NA,RIVERVIEW,DR,NA,1,4/7/2016 0:00:00,$5000.00,WRECK 2 STORY SINGLE FAMILY FRAME HOUSE
527933,19115000070,9101,NA,NA,RIVERVIEW,DR,NA,1,4/7/2016 0:00:00,$5000.00,WRECK 1 1/2 STORY SINGLE FAMILY FRAME HOUSE
527937,14328020170,8623,REAR,NA,OXFORD,LA,NA,1,3/4/2016 0:00:00,$250.00,WRECK 1 CAR FRAME GARAGE
527981,15266000015,3410,NA,S,KINGSHIGHWAY,BLVD,NA,20,3/29/2016 0:00:00,$5650.00,WRECK GAS STATION CANOPY ONLY
528099,16029000250,5023,-R,NA,THOLOZAN,AV,NA,23,3/16/2016 0:00:00,$500.00,WRECK 2 CAR FRAME GARAGE
528122,11523000090,3315,NA,NA,MISSOURI,AV,NA,1,4/20/2016 0:00:00,$3900.00,PKG 90-FY16)WRECK 1 STORY 1 FAMILY BRICK HOUSE
528125,14164000010,4070,-R,NA,JUNIATA,ST,NA,20,3/29/2016 0:00:00,$2300.00,WRECK BRICK COMMERCIAL SHED W/ATTACHED PORCH
528146,10448000020,1526,-48,NA,PAPIN,ST,NA,20,8/12/2016 0:00:00,$358000.00,(PKG 92-FY16) WRECK 5 STORY BRICK COMMERCIAL BLDG
528147,15414000300,5251,NA,NA,GILMORE,AV,NA,1,4/5/2016 0:00:00,$4000.00,(CITY PKG 93-FY16)WRECK 1 STORY 1 FAMILY FRAME HOUSE
528152,15194000220,4029,NA,NA,ASHLAND,AV,NA,1,4/20/2016 0:00:00,$3900.00,(CITY PKG 94-16) WRECK 2 STORY 2 FAMILY BRICK HOUSE
528153,15090000300,4903,NA,NA,GERALDINE,AV,NA,1,4/15/2016 0:00:00,$10500.00,WRECK 2 STORY 2 FAMILY BRICK HOUSE
528154,15090000320,4547,NA,NA,GERALDINE,AV,NA,1,4/15/2016 0:00:00,$10800.00,WRECK 1 STORY 1 FAMILY BRICK HOUSE
528155,15066000420,1216,NA,NA,KRAFT,ST,NA,1,4/15/2016 0:00:00,$10500.00,WRECK 1 STORY SINGLE FAMILY FRAME HOUSE
528191,14239020120,8036,NA,NA,FREDERICK,ST,NA,1,8/12/2016 0:00:00,$5000.00,WRECK 2 STORY 2 FAMILY FRAME HOUSE
528193,14239020080,8024,NA,NA,FREDERICK,ST,NA,1,8/11/2016 0:00:00,$5000.00,WRECK 1 STORY 1 FAMILY FRAME HOUSE
528194,14239020010,7952,NA,NA,FREDERICK,ST,NA,1,8/16/2016 0:00:00,$5000.00,WRECK 1 STORY 1 FAMILY FRAME HOUSE
528195,14238000430,7931,NA,NA,FREDERICK,ST,NA,1,8/19/2016 0:00:00,$5000.00,WRECK 2 STORY 1 FAMILY FRAME HOUSE
528196,14238000230,7961,NA,NA,FREDERICK,ST,NA,1,8/16/2016 0:00:00,$5000.00,WRECK 1 STORY 1 FAMILY FRAME HOUSE
528198,14246000280,1211,NA,NA,BADEN,AV,NA,1,8/19/2016 0:00:00,$5000.00,WRECK 1 STORY 1 FAMILY FRAME HOUSE
528199,14246000285,1217,NA,NA,BADEN,AV,NA,1,8/19/2016 0:00:00,$5000.00,WRECK 1 STORY 1 FAMILY FRAME HOUSE
528200,15430000230,1067,NA,NA,BADEN,AV,NA,1,7/26/2016 0:00:00,$5000.00,WRECK 1 STORY 1 FAMILY BRICK HOUSE
528203,14240000160,8033,NA,NA,FREDERICK,ST,NA,1,8/11/2016 0:00:00,$5000.00,WRECK 1 STORY 1 FAMILY FRAME HOUSE
528204,14246000260,1212,NA,NA,LYNFIELD,PL,NA,1,8/30/2016 0:00:00,$5000.00,WRECK 1 STORY 1 FAMILY FRAME HOUSE
528205,14244040410,8507,NA,NA,PARTRIDGE,AV,NA,1,8/26/2016 0:00:00,$5000.00,WRECK 1 STORY 1 FAMILY BRICK HOUSE
528206,14244040420,8501,NA,NA,PARTRIDGE,AV,NA,1,8/26/2016 0:00:00,$5000.00,WRECK 1 STORY 1 FAMILY BRICK HOUSE
528214,15932000260,5525,NA,NA,ASHLAND,AV,NA,2,4/19/2016 0:00:00,$5000.00,WRECK 2 STORY 4 FAMILY BRICK HOUSE
528215,15932000250,5519,NA,NA,ASHLAND,AV,NA,1,4/19/2016 0:00:00,$5000.00,WRECK 2 STORY 2 FAMILY BRICK HOUSE
528216,15282000170,5508,NA,NA,ASHLAND,AV,NA,1,4/19/2016 0:00:00,$5000.00,WRECK 2 STORY 2 FAMILY BRICK HOUSE
528217,15282000140,5514,NA,NA,ASHLAND,AV,NA,1,4/19/2016 0:00:00,$5000.00,WRECK 2 STORY 2 FAMILY BRICK HOUSE
528218,15282000130,5518,NA,NA,ASHLAND,AV,NA,1,4/19/2016 0:00:00,$5000.00,WRECK 2 STORY 2 FAMILY BRICK HOUSE
528219,14518000320,3101,-03,NA,ABNER,PL,NA,2,4/19/2016 0:00:00,$5000.00,WRECK 2 STORY 4 FAMILY BRICK HOUSE
528220,14518000290,3111,NA,NA,ABNER,PL,NA,1,4/19/2016 0:00:00,$5000.00,WRECK 1.5 STORY SINGLE FAMILY BRICK HOUSE
528221,14518000270,3117,NA,NA,ABNER,PL,NA,1,4/19/2016 0:00:00,$5000.00,WRECK 1 STORY 1 FAMILY BRICK HOUSE
528223,15249000040,3108,NA,NA,ABNER,PL,NA,1,4/19/2016 0:00:00,$5000.00,WRECK 1 STORY 1 FAMILY BRICK HOUSE
528224,15249000030,3106,NA,NA,ABNER,PL,NA,1,4/19/2016 0:00:00,$5000.00,WRECK 1 STORY 1 FAMILY BRICK HOUSE
528242,15247000020,5336,-38,NA,GREER,AV,NA,2,6/1/2016 0:00:00,$5000.00,WRECK 2 STORY 4 FAMILY BRICK HOUSE
528243,15247000040,5332,NA,NA,GREER,AV,NA,1,6/1/2016 0:00:00,$5000.00,WRECK 2 STORY SINGLE FAMILY BRICK HOUSE
528244,15247000080,5322,NA,NA,GREER,AV,NA,1,6/1/2016 0:00:00,$5000.00,WRECK 1 STORY 1 FAMILY FRAME HOUSE
528245,15247000090,5318,NA,NA,GREER,AV,NA,1,6/1/2016 0:00:00,$5000.00,WRECK 1 STORY SINGLE FAMILY FRAME HOUSE
528246,15247000010,5342,NA,NA,GREER,AV,NA,1,6/1/2016 0:00:00,$5000.00,WRECK 1 STORY SINGLE FAMILY FRAME HOUSE
528247,14251000140,1009,NA,NA,TILLIE,AV,NA,1,6/20/2016 0:00:00,$5000.00,WRECK 2 STORY 2 FAMILY FRAME HOUSE
528248,15430000120,1006,NA,NA,TILLIE,AV,NA,1,6/20/2016 0:00:00,$5000.00,WRECK 1 STORY SINGLE FAMILY BRICK HOUSE
528249,15430000070,1022,NA,NA,TILLIE,AV,NA,1,6/20/2016 0:00:00,$5000.00,WRECK 1 STORY SINGLE FAMILY FRAME HOUSE
528250,15430000050,1028,NA,NA,TILLIE,AV,NA,1,6/20/2016 0:00:00,$5000.00,WRECK 1 STORY SINGLE FAMILY BRICK HOUSE
528251,15430000020,1036,NA,NA,TILLIE,AV,NA,1,6/20/2016 0:00:00,$5000.00,WRECK 1 STORY SINGLE FAMILY FRAME HOUSE
528259,15533000290,4960,R,NA,THEKLA,AV,NA,23,3/23/2016 0:00:00,$500.00,WRECK 2 CAR FRAME GARAGE
528263,11517000090,3234,R,NA,OHIO,AV,NA,0,3/23/2016 0:00:00,$750.00,WRECK 1 CAR FRAME GARAGE
528310,14602040010,6825,NA,NA,CLAYTON,AV,NA,20,4/28/2016 0:00:00,$20000.00,WRECK 3 STORY BRICK COMMERCIAL BLDG
528312,16255000280,5733,-R,NA,CHIPPEWA,ST,NA,23,3/25/2016 0:00:00,$800.00,WRECK 1 CAR FRAME GARAGE
528394,12816000220,5223,R,NA,ALABAMA,AV,NA,23,3/30/2016 0:00:00,$1900.00,WRECK TWO CAR FRAME GARAGE
528397,11475000330,2835,R,NA,WYOMING,ST,NA,23,3/30/2016 0:00:00,$1000.00,WRECK 1 CAR FRAME GARAGE -REAR
528464,15363000160,4729,R,NA,VARRELMANN,AV,NA,23,4/1/2016 0:00:00,$200.00,WRECK SHED (REAR)
528468,14053010180,2618,R,NA,DALTON,AV,NA,23,4/1/2016 0:00:00,$1800.00,(CITY PKG 96-FY16)WRECK GARAGE
528496,10975000350,2731,NA,NA,JAMES COOL PAPA BELL,AV,NA,1,4/14/2016 0:00:00,$8100.00,(EMERGENCY 91-FY16)WRECK 2 STORY 2 FAMILY BRICK HOUSE
528525,11661000250,3655,NA,NA,WISCONSIN,AV,NA,1,5/13/2016 0:00:00,$3900.00,(CITY PKG 95FY16)WRECK 1 STORY 1 FAMILY BRICK HOUSE
528526,11421000340,2825,NA,S,JEFFERSON,AV,NA,1,5/24/2016 0:00:00,$3900.00,(CITY PKG 95-FY16) WRECK 1 STORY 1 FAMILY BRICK HOUSE
528545,11627000090,3814,NA,NA,MINNESOTA,AV,NA,1,5/3/2016 0:00:00,$12500.00,(CITY PKG 74-16)WRECK 2 STORY 1 FAMILY FRAME HOUSE
528563,15086000040,5010,NA,NA,GERALDINE,AV,NA,1,4/22/2016 0:00:00,$8100.00,(CITY PKG 97-FY16)WRECK 1 STORY 1 FAMILY FRAME HOUSE
528602,14441090190,4229,NA,NA,LEXINGTON,AV,NA,23,4/8/2016 0:00:00,$500.00,HAND WRECK 1 STORY FRAME GARAGE
528604,15271000180,4056,NA,NA,TAFT,AV,NA,23,4/8/2016 0:00:00,$1500.00,WRECK 1 CAR GARAGE (HANDWRECK)
528628,11400200040,2234,-R,NA,GAINE,ST,NA,23,4/11/2016 0:00:00,$1000.00,WRECK 1 CAR WOOD GARAGE
528635,10131000010,600,NA,NA,CHESTNUT,ST,NA,20,4/20/2016 0:00:00,$5800.00,WRECK COMMERCIAL BLDG (KIENER PLAZA)
528668,11611000160,3617,R,NA,TENNESSEE,AV,NA,23,4/12/2016 0:00:00,$950.00,WRECK 2 CAR GARAGE (REAR) PER PLANS
528684,11532000110,3308,NA,NA,WISCONSIN,AV,NA,1,4/27/2016 0:00:00,$1000.00,REMOVE REAR 2ND STORY PORCH ONLY
528687,14598020120,6602,R,NA,OAKLAND,AV,NA,1,4/13/2016 0:00:00,$1300.00,WRECK 2 CAR BRICK GARAGE-REAR
528764,15569000090,5228,NA,NA,DAVISON,AV,NA,1,5/6/2016 0:00:00,$7500.00,WRECK 1.5 STORY SINGLE FAMILY FRAME HOUSE
528765,12861000030,5606,NA,NA,PENNSYLVANIA,AV,NA,1,6/17/2016 0:00:00,$7300.00,WRECK 1.2 STORY SINGLE FAMILY FRAME HOUSE
528841,12934000210,6111,REAR,NA,TENNESSEE,AV,NA,1,4/20/2016 0:00:00,$200.00,WRECK 1 CAR FRAME GARAGE-REAR
528866,14171000185,4161,NA,NA,GRAVOIS,AV,NA,20,5/6/2016 0:00:00,$24999.00,WRECK COMMERCIAL BUILDING
528884,15607000110,6732,NA,NA,WISE,AV,NA,1,6/6/2016 0:00:00,$9000.00,WRECK 1 STORY 1 FAMILY FRAME HOUSE
528895,12902000160,1105,-R,NA,WILMINGTON,AV,NA,23,4/25/2016 0:00:00,$500.00,WRECK 1 CAR FRAME GARAGE
528910,15792000230,3911,-R,NA,EILER,ST,NA,23,4/26/2016 0:00:00,$400.00,WRECK 1 CAR FRAME GARAGE
528968,13689000190,4207,NA,W,KENNERLY,AV,NA,1,6/17/2016 0:00:00,$6500.00,WRECK 1 STORY 1 FAMILY BRICK HOUSE
528980,12998000150,6717,NA,NA,VIRGINIA,AV,NA,1,5/17/2016 0:00:00,$8900.00,WRECK 1.5 STORY SINGLE FAMILY FRAME HOUSE
529011,13683000510,1700,NA,NA,BILLUPS,AV,NA,1,5/20/2016 0:00:00,$2600.00,EMERGENCY 99-FY16-WRECK 2 STORY 2 FAMILY BRICK HOUSE(RUBBLE)
529013,13701000480,1720,NA,N,TAYLOR,AV,NA,1,5/20/2016 0:00:00,$2500.00,(EMERGENCY 99-16)WRECK 1 STORY 1 FAMILY BRICK HOUSE(RUBBLE)
529040,11536000100,3310,NA,NA,LEMP,AV,NA,1,6/20/2016 0:00:00,$4000.00,WRECK 2 STORY 2 FAMILY BRICK HOUSE (PKG 98-FY16)
529047,13706000130,4420,NA,NA,KENNERLY,AV,NA,1,5/24/2016 0:00:00,$5600.00,WRECK 1 STORY SINGLE FAMILY BRICK HOUSE
529060,15489000180,6313,-R,NA,LAURA,AV,NA,23,5/4/2016 0:00:00,$200.00,WRECK 1 CAR FRAME GARAGE
529065,13760000260,4562,NA,NA,ENRIGHT,AV,NA,1,7/26/2016 0:00:00,$12500.00,WRECK 2 STORY 1 FAMILY BRICK HOUSE
529073,12898000110,724,-R,NA,DOVER,PL,NA,23,5/4/2016 0:00:00,$2500.00,WRECK 2 CAR BRICK GARAGE
529077,13271000240,3647,R,NA,ROBERT,AV,NA,23,5/4/2016 0:00:00,$700.00,WRECK ONE CAR FRAME GARAGE
529146,15613000040,6040,R,NA,ODELL,ST,NA,23,5/9/2016 0:00:00,$1000.00,WRECK 1 STORY GARAGE FRAME
529205,14781050170,4500,-10,NA,PARKVIEW,PL,NA,20,6/6/2016 0:00:00,$91000.00,WRECK COMMERCIAL BUILDING
529225,13642000040,2501,NA,N,VANDEVENTER,AV,NA,20,6/13/2016 0:00:00,$25000.00,WRECK COMMERCIAL BUILDING
529226,15090000120,4934,NA,NA,UNION,BLVD,NA,1,7/26/2016 0:00:00,$10500.00,WRECK 2 STORY SINGLE FAMILY FRAME HOUSE
529227,15090000130,4938,NA,NA,UNION,BLVD,NA,1,6/3/2016 0:00:00,$8900.00,WRECK 1 STORY SINGLE FAMILY BRICK HOUSE
529228,15090000150,4948,NA,NA,UNION,BLVD,NA,1,6/3/2016 0:00:00,$8900.00,WRECK 1 STORY SINGLE FAMILY FRAME HOUSE
529244,15832000060,5526,-R,NA,GOETHE,AV,NA,23,5/12/2016 0:00:00,$500.00,WRECK 1 CAR FRAME GARAGE
529264,11212000011,3600,NA,N,2ND,ST,NA,20,6/6/2016 0:00:00,$53400.00,WRECK COMMERCIAL BUILDING (BLDG 17-PLANT 1)
529289,15142000040,5412,R,NA,QUEENS,AV,NA,23,5/16/2016 0:00:00,$100.00,WRECK 1 STORY FRAME GARAGE
529310,11513000220,3215,R,NA,IOWA,AV,NA,23,5/17/2016 0:00:00,$1200.00,WRECK 1 STORY FRAME GARAGE
529346,13777060250,1330,NA,NA,WALTON,AV,NA,1,8/4/2016 0:00:00,$7400.00,WRECK 2 STORY 2 FAMILY BRICK HOUSE
529354,12489000225,4158,-60,NA,OBEAR,AV,NA,1,9/9/2016 0:00:00,$6200.00,WRECK 1 STORY 1 FAMILY BRICK HOUSE
529368,13921000115,3950,NA,NA,LINDELL,BLVD,NA,20,5/19/2016 0:00:00,$3500.00,WRECK BRICK GARAGE
529374,16286000230,5226,R,NA,PERNOD,AV,NA,23,5/20/2016 0:00:00,$300.00,WRECK REAR FRAME GARAGE
529376,11397000070,2409,-R,NA,MCNAIR,AV,NA,23,5/20/2016 0:00:00,$3500.00,WRECK 2 STORY WOOD GARAGE
529473,14404020040,4748,-R,NA,ANDERSON,AV,NA,23,5/25/2016 0:00:00,$200.00,WRECK REAR FRAME GARAGE
529533,14842000350,5125,NA,NA,KENSINGTON,AV,NA,1,7/12/2016 0:00:00,$4000.00,WRECK 2 STORY 1 FAMILY BRICK HOUSE
529539,15171000210,5644,R,NA,DEVONSHIRE,AV,NA,23,5/27/2016 0:00:00,$200.00,WRECK ONE CAR FRAME GARAGE
529540,14754000380,3255,REAR,NA,REGAL,PL,NA,1,5/27/2016 0:00:00,$500.00,WRECK 2 CAR FRAME DETACHED GARAGE
529544,14126000041,3445,NA,NA,BENT,AV,NA,20,6/17/2016 0:00:00,$307098.00,WRECK COMMERCIAL BUILDING (PARTIAL- SOUTH)
529554,15833000500,5501,REAR,NA,RHODES,AV,NA,1,5/31/2016 0:00:00,$500.00,WRECK 1 1/2 CAR FRAME GARAGE - REAR
529577,11500000140,3221,R,NA,GRAVOIS,AV,NA,23,6/1/2016 0:00:00,$200.00,WRECK TWO CAR FRAME GARAGE
529586,13615000220,4329,NA,NA,MARGARETTA,AV,NA,1,7/28/2016 0:00:00,$8500.00,WRECK 2 STORY 2 FAMILY BRICK HOUSE
529587,13615000270,4012,NA,N,NEWSTEAD,AV,NA,1,8/17/2016 0:00:00,$8100.00,WRECK 2 STORY 2 FAMILY BRICK HOUSE
529588,11575000300,3539,NA,NA,NEBRASKA,AV,NA,1,7/29/2016 0:00:00,$12500.00,WRECK 2 STORY 2 FAMILY BRICK HOUSE
529601,13381000015,5200,NA,N,2ND,ST,NA,20,8/3/2016 0:00:00,$42865.00,PARTIAL WRECK COMMERCIAL BLDG (BLDG 41)
529615,16254000060,5740,-42R,NA,CHIPPEWA,ST,NA,23,6/3/2016 0:00:00,$1500.00,WRECK TWO CAR FRAME GARAGE (CFD 30 DAYS)
529620,13778000140,1352,-54,NA,BAYARD,AV,NA,2,6/23/2016 0:00:00,$0.00,WRECK 2 STORY 4 FAMILY BRICK HOUSE
529639,12546000105,3227,NA,N,9TH,ST,NA,20,10/10/2016 0:00:00,$5000.00,WRECK COMMERCIAL BUILDING (FRONT BLDG ONLY)  AKA 3217 N 9TH
529642,14389020070,4880,-R,NA,KOSSUTH,AV,NA,23,6/6/2016 0:00:00,$300.00,WRECK 2 CAR FRAME GARAGE
529657,10628000080,1721,NA,N,13TH,ST,NA,1,8/4/2016 0:00:00,$30000.00,WRECK 2 STORY 1 FAMILY BRICK HOUSE
529729,12910000130,520,NA,NA,WILMINGTON,AV,NA,1,7/11/2016 0:00:00,$10000.00,WRECK 1 STORY 1 FAMILY BRICK HOUSE
529752,12773000050,4744,NA,NA,TENNESSEE,AV,NA,1,7/12/2016 0:00:00,$12800.00,WRECK 1 STORY 1 FAMILY BRICK HOUSE
529771,11997000015,2916,NA,NA,OREGON,AV,NA,20,7/1/2016 0:00:00,$23000.00,WRECK COMMERCIAL BUILDING
529772,11997000015,2822,-30,NA,GRAVOIS,AV,NA,20,7/7/2016 0:00:00,$21150.00,WRECK COMMERCIAL BUILDING
529773,14075000140,5214,NA,NA,DAGGETT,AV,NA,1,7/1/2016 0:00:00,$10000.00,WRECK 1 STORY SINGLE FAMILY FRAME
529779,14824000330,2862,R,NA,BELT,AV,NA,23,6/13/2016 0:00:00,$500.00,WRECK 5 CAR WOOD GARAGE
529801,12809000290,5047,R,NA,ALASKA,AV,NA,23,6/13/2016 0:00:00,$500.00,WRECK 2 CAR WOOD GARAGE
529802,15966000130,4320,REAR,NA,POTOMAC,ST,NA,1,6/14/2016 0:00:00,$1000.00,WRECK 1 1/2 CAR FRAME GARAGE
529809,15864000340,3631,-33R,NA,DOVER,PL,NA,23,6/14/2016 0:00:00,$600.00,WRECK 1 CAR FRAME GARAGE
529816,15059060260,3909,-R,NA,JUNIATA,ST,NA,23,6/14/2016 0:00:00,$400.00,WRECK 1 CAR FRAME GARAGE
529852,14418340050,4650,-R,NA,KORTE,AV,NA,23,6/17/2016 0:00:00,$100.00,WRECK 1 CAR FRAME GARAGE
529945,16105000160,4105,NA,NA,HAVEN,ST,NA,23,6/21/2016 0:00:00,$200.00,WRECK 1 CAR FRAME GARAGE
529994,14239020110,8034,NA,NA,FREDERICK,ST,NA,1,8/24/2016 0:00:00,$5000.00,WRECK 2 STORY 2 FAMILY FRAME HOUSE
529996,14239020030,7962,NA,NA,FREDERICK,ST,NA,1,8/24/2016 0:00:00,$5000.00,WRECK 1 STORY 1 FAMILY FRAME HOUSE
529997,14251000260,1041,NA,NA,TILLIE,AV,NA,1,9/6/2016 0:00:00,$5000.00,WRECK 1 STORY 1 FAMILY FRAME HOUSE
529998,14251000190,1023,NA,NA,TILLIE,AV,NA,1,8/24/2016 0:00:00,$5000.00,WRECK 1 STORY 1 FAMILY FRAME HOUSE
530001,15932000340,5555,-57,NA,ASHLAND,AV,NA,2,8/3/2016 0:00:00,$5000.00,WRECK 2 STORY 4 FAMILY BRICK HOUSE
530002,15932000310,5543,-45,NA,ASHLAND,AV,NA,2,8/3/2016 0:00:00,$5000.00,WRECK 2 STORY 4 FAMILY BRICK HOUSE
530003,15932000300,5539,-41,NA,ASHLAND,AV,NA,2,8/3/2016 0:00:00,$5000.00,WRECK 2 STORY 4 FAMILY BRICK HOUSE
530004,15282000080,5536,-38,NA,ASHLAND,AV,NA,2,8/3/2016 0:00:00,$5000.00,WRECK 2 STORY 4 FAMILY BRICK HOUSE
530005,15282000070,5540,-42,NA,ASHLAND,AV,NA,2,8/3/2016 0:00:00,$5000.00,WRECK 2 STORY 4 FAMILY BRICK HOUSE
530006,15282000060,5544,-46,NA,ASHLAND,AV,NA,2,8/3/2016 0:00:00,$5000.00,WRECK 2 STORY 4 FAMILY BRICK HOUSE
530007,15282000050,5548,-50,NA,ASHLAND,AV,NA,2,8/3/2016 0:00:00,$5000.00,WRECK 2 STORY 4 FAMILY BRICK HOUSE
530008,15282000030,5556,NA,NA,ASHLAND,AV,NA,2,8/3/2016 0:00:00,$5000.00,WRECK 2 STORY 4 FAMILY BRICK HOUSE
530010,15282000450,5572,-76,NA,ASHLAND,AV,NA,2,8/3/2016 0:00:00,$5000.00,WRECK 2 STORY MULTI FAMILY BRICK HOUSE
530022,14518000240,3044,NA,NA,ARLINGTON,AV,NA,1,9/6/2016 0:00:00,$5000.00,WRECK 2 STORY 2 FAMILY BRICK HOUSE
530023,14518000181,3028,NA,NA,ARLINGTON,AV,NA,1,9/6/2016 0:00:00,$5000.00,WRECK 1 STORY 1 FAMILY FRAME HOUSE
530024,14518000160,3024,NA,NA,ARLINGTON,AV,NA,1,9/6/2016 0:00:00,$5000.00,WRECK 1.5 STORY SINGLE FAMILY FRAME HOUSE
530025,14518000150,3022,NA,NA,ARLINGTON,AV,NA,1,9/6/2016 0:00:00,$5000.00,WRECK 1 STORY SINGLE FAMILY FRAME HOUSE
530026,14518000260,5370,NA,NA,ASHLAND,AV,NA,1,8/3/2016 0:00:00,$5000.00,WRECK 1. 5 STORY SINGLE FAMILY BRICK HOUSE
530027,14518000130,3016,NA,NA,ARLINGTON,AV,NA,1,9/6/2016 0:00:00,$5000.00,WRECK 1 STORY SINGLE FAMILY FRAME HOUSE
530028,14518000210,3036,NA,NA,ARLINGTON,AV,NA,1,9/6/2016 0:00:00,$5000.00,WRECK 1 STORY 1 FAMILY FRAME HOUSE
530034,14518000280,3115,NA,NA,ABNER,PL,NA,1,8/3/2016 0:00:00,$5000.00,WRECK 1 STORY SINGLE FAMILY BRICK HOUSE
530035,15249000010,3100,NA,NA,ABNER,PL,NA,1,8/3/2016 0:00:00,$5000.00,WRECK 1 STORY SINGLE FAMILY BRICK HOUSE
530036,15247000320,3016,NA,NA,ABNER,PL,NA,1,9/6/2016 0:00:00,$5000.00,WRECK 2 STORY 2 FAMILY BRICK HOUSE
530037,15430000150,1033,NA,NA,BADEN,AV,NA,1,9/6/2016 0:00:00,$5000.00,WRECK 2 STORY SINGLE FAMILY FRAME HOUSE
530038,15932000360,5565,NA,NA,ASHLAND,AV,NA,2,8/3/2016 0:00:00,$5000.00,WRECK 2 STORY 4 FAMILY BRICK HOUSE
530039,15932000350,5561,NA,NA,ASHLAND,AV,NA,2,8/3/2016 0:00:00,$5000.00,WRECK 2 STORY 4 FAMILY BRICK HOUSE
530040,15932000330,5551,-53,NA,ASHLAND,AV,NA,2,8/4/2016 0:00:00,$5000.00,WRECK 2 STORY 4 FAMILY BRICK HOUSE
530041,15932000320,5547,-49,NA,ASHLAND,AV,NA,2,8/3/2016 0:00:00,$5000.00,WRECK 2 STORY 4 FAMILY BRICK HOUSE
530049,13993210160,1055,-57,S,VANDEVENTER,AV,NA,2,6/24/2016 0:00:00,$0.00,WRECK REAR 2 STORY PORCH
530050,13993210160,1055,-57,S,VANDEVENTER,AV,NA,23,6/24/2016 0:00:00,$0.00,WRECK 1 CAR BRICK GARAGE
530053,15114110280,4397,NA,NA,GIBSON,AV,NA,23,6/24/2016 0:00:00,$0.00,WRECK 2 CAR SIDING GARAGE
530055,14435000180,4159,NA,NA,FARLIN,AV,NA,1,7/21/2016 0:00:00,$5000.00,WRECK 2 STORY 2 FAMILY BRICK HOUSE
530064,16056000100,4122,R,NA,ROSA,AV,NA,1,6/24/2016 0:00:00,$2500.00,WRECK ONE CAR FRAME GARAGE AND REAR DECK
530087,12829000160,123,-R,NA,EICHELBERGER,ST,NA,23,6/27/2016 0:00:00,$600.00,WRECK 2 CAR BRICK GARAGE
530094,13735000090,3850,NA,NA,EVANS,AV,NA,1,7/12/2016 0:00:00,$5000.00,WRECK 1 STORY SINGLE FAMILY BRICK HOUSE
530120,16295000090,3852,REAR,NA,MERAMEC,ST,NA,1,6/28/2016 0:00:00,$0.00,WRECK 1 1/2 CAR/SHED FRAME GARAGE
530128,13164000170,8e3,NA,NA,IVORY,AV,NA,20,9/7/2016 0:00:00,$11000.00,WRECK COMMERCIAL BUILDING
530153,15600000170,6919,NA,NA,NASHVILLE,AV,NA,23,6/29/2016 0:00:00,$500.00,WRECK 1 CAR FRAME GARAGE & CARPORT (HANDWRECK)
530158,13806100230,1405,-07,NA,BURD,AV,NA,2,7/27/2016 0:00:00,$7000.00,WRECK 2 STORY 4 FAMILY BRICK HOUSE
530182,12961030055,1601,NA,NA,SULPHUR,AV,NA,1,8/12/2016 0:00:00,$11850.00,WRECK 1 STORY 1 FAMILY FRAME HOUSE
530183,14408000040,4672,NA,NA,ESSEX,PL,NA,1,9/6/2016 0:00:00,$5000.00,WRECK SINGLE FAMILY BRICK HOUSE
530243,12579000290,3637,NA,NA,ALBERTA,ST,NA,23,7/5/2016 0:00:00,$0.00,WRECK 1 CAR WOOD GARAGE
530287,11642000210,3613,R,NA,OHIO,AV,NA,1,7/7/2016 0:00:00,$1000.00,WRECK ONE CAR FRAME GARAGE
530390,12435000080,4228,NA,N,FLORISSANT,AV,NA,1,8/22/2016 0:00:00,$10500.00,(EMERGENCY) WRECK 2 STORY 2 FAMILY BRICK HOUSE
530392,13641000400,3957,-59,NA,NORTH MARKET,ST,NA,2,8/10/2016 0:00:00,$5000.00,WRECK 2 STORY 4 FAMILY BRICK HOUSE (EMERGENCY)
530417,13621000120,3108,NA,NA,MARNICE,PL,NA,1,9/21/2016 0:00:00,$4000.00,WRECK 1 STORY 1 FAMILY BRICK HOUSE
530424,16180000020,6424,NA,NA,CHIPPEWA,ST,NA,20,8/18/2016 0:00:00,$2000.00,WRECK GAS STATION CANOPY ONLY
530452,13987000080,4134,NA,NA,BINGHAM,AV,NA,1,7/28/2016 0:00:00,$6900.00,(EMERGENCY 2-FY17)WRECK 2 STORY 1 FAMILY BRICK HOUSE
530467,14645000011,2166,NA,NA,HAMPTON,AV,NA,20,8/12/2016 0:00:00,$79600.00,WRECK COMMERCIAL BUILDING
530482,13780000700,4821,NA,NA,COTE BRILLIANTE,AV,NA,1,10/17/2016 0:00:00,$5000.00,WRECK 2 STORY SINGLE FAMILY BRICK HOUSE
530483,12718000120,4505,NA,NA,OREGON,AV,NA,1,8/24/2016 0:00:00,$5000.00,WRECK 1 STORY SINGLE FAMILY FRAME HOUSE
530485,14566000260,4171,NA,NA,WEST BELLE,PL,NA,1,9/9/2016 0:00:00,$5000.00,WRECK 2 STORY 2 FAMILY BRICK HOUSE
530486,15125000310,5451,-R,NA,PLOVER,AV,NA,23,7/19/2016 0:00:00,$1200.00,WRECK 2 CAR FRAME GARAGE
530492,14192000430,3811,R,NA,TAFT,AV,NA,1,7/19/2016 0:00:00,$1000.00,WRECK 2 CAR FRAME GARAGE
530528,16142000270,8839,R,NA,NORTHCREST,LA,NA,23,7/20/2016 0:00:00,$1329.00,WRECK FRAME GARAGE
530538,14239020020,7956,NA,NA,FREDERICK,ST,NA,1,8/2/2016 0:00:00,$5000.00,WRECK 1 STORY SINGLE FAMILY FRAME HOUSE
530539,14240000100,1042,NA,NA,BITTNER,ST,NA,1,8/2/2016 0:00:00,$5000.00,WRECK 1.5 STORY SINGLE FAMILY FRAME HOUSE
530540,14240000030,1068,NA,NA,BITTNER,ST,NA,1,8/2/2016 0:00:00,$5000.00,WRECK 1 STORY SINGLE FAMILY FRAME HOUSE
530541,14251000220,1033,NA,NA,TILLIE,AV,NA,1,8/2/2016 0:00:00,$5000.00,WRECK 1 STORY SINGLE FAMILY FRAME HOUSE
530542,15430000270,1077,NA,NA,BADEN,AV,NA,1,8/2/2016 0:00:00,$5000.00,WRECK 2 STORY SINGLE FAMILY FRAME HOUSE
530702,13565000030,4114,NA,W,ROSALIE,ST,NA,1,9/27/2016 0:00:00,$5000.00,WRECK 1 STORY SINGLE FAMILY BRICK HOUSE
530717,13062000010,7428,NA,NA,VERMONT,AV,NA,1,12/29/2016 0:00:00,$2840.00,WRECK COMMERCIAL/RESIDENTIAL BRICK BLDG
530736,16071000270,3449,-51R,NA,LAWN,AV,NA,23,7/28/2016 0:00:00,$200.00,WRECK 2 CAR FRAME GARAGE
530798,13758000070,4352,NA,NA,DELMAR,BLVD,NA,23,8/2/2016 0:00:00,$400.00,WRECK TWO CAR FRAME GARAGE
530799,14998000110,5956,NA,NA,LOTUS,AV,NA,1,10/4/2016 0:00:00,$3000.00,WRECK 2 STORY SINGLE FAMILY BRICK HOUSE (PKG 3-FY17)
530800,11030000145,3014,-16,NA,SHERIDAN,AV,NA,2,9/20/2016 0:00:00,$2999.00,WRECK 2 STORY 4 FAMILY BRICK HOUSE (PKG 4-FY17)
530801,11853000090,3057,NA,NA,SHERIDAN,AV,NA,20,9/20/2016 0:00:00,$2999.00,WRECK COMMERCIAL BUILDING (PKG 4-FY17)
530802,11853000100,3059,NA,NA,SHERIDAN,AV,NA,20,9/20/2016 0:00:00,$2999.00,WRECK COMMERCIAL BUILDING (PKG 4-FY17)
530803,11853000110,3061,NA,NA,SHERIDAN,AV,NA,20,9/20/2016 0:00:00,$2999.00,WRECK COMMERCIAL BUILDING (PKG 4-FY17)
530809,15256000080,5562,NA,NA,ST EDWARD,AV,NA,1,11/2/2016 0:00:00,$3000.00,WRECK 1 STORY SINGLE FAMILY FRAME HOUSE (PKG 3-FY17)
530811,13819100090,1480,NA,NA,SHAWMUT,PL,NA,1,10/4/2016 0:00:00,$3500.00,WRECK TWO STORY TWO FAMILY BRICK HOUSE (PKG 3 FY17)
530813,13609000020,4234,-36,W,SACRAMENTO,AV,NA,2,9/19/2016 0:00:00,$3700.00,WRECK TWO STORY THREE FAMILY BRICK HOUSE (PKG 3 FY17)
530820,13791000320,5014,NA,NA,MINERVA,AV,NA,1,9/20/2016 0:00:00,$4800.00,WRECK 2 STORY SINGLE FAMILY BRICK HOUSE (PKG 6 FY17)
530821,13791000300,5020,NA,NA,MINERVA,AV,NA,1,10/13/2016 0:00:00,$4800.00,WRECK 2 STORY SINGLE FAMILY BRICK HOUSE (PKG 6 FY17)
530822,14874000110,4160,NA,NA,ENRIGHT,AV,NA,1,9/21/2016 0:00:00,$4000.00,WRECK 2 STORY SINGLE FAMILY BRICK HOUSE (PKG 7 FY17)
530824,13739000460,3809,NA,NA,COOK,AV,NA,1,9/21/2016 0:00:00,$4000.00,CLEAR RUBBLE (PKG 7 FY17)
530825,13738000130,3814,NA,NA,COOK,AV,NA,1,9/21/2016 0:00:00,$6000.00,WRECK 2 STORY SINGLE FAMILY BRICK HOUSE (PKG 7 FY17)
530885,14792000070,2127,NA,NA,CLIFTON,AV,NA,1,9/1/2016 0:00:00,$5000.00,WRECK 2 STORY SINGLE FAMILY FRAME HOUSE
530896,14792000040,2139,-41,NA,CLIFTON,AV,NA,2,9/1/2016 0:00:00,$5000.00,WRECK 2 STORY 4 FAMILY BRICK HOUSE
530897,14792000030,2147,NA,NA,CLIFTON,AV,NA,1,9/1/2016 0:00:00,$5000.00,WRECK 2 STORY 2 FAMILY FRAME HOUSE
530936,15526000270,5521,NA,NA,DAVISON,AV,NA,1,10/4/2016 0:00:00,$5800.00,WRECK 1.5 STORY SINGLE FAMILY FRAME HOUSE (PKG 5-FY17)
530937,15526000250,5527,NA,NA,DAVISON,AV,NA,1,10/4/2016 0:00:00,$5000.00,WRECK 1 STORY SINGLE FAMILY FRAME HOUSE (PKG 5-FY 17)
530938,15632000070,5526,NA,NA,DAVISON,AV,NA,1,10/4/2016 0:00:00,$7000.00,WRECK 1 STORY SINGLE FAMILY FRAME HOUSE (PKG 5-FY17)
530950,13776000090,4510,NA,NA,DR MARTIN LUTHER KING,DR,NA,20,8/24/2016 0:00:00,$8750.00,(PKG 1-17) WRECK COMMERCIAL BRICK BLDG
530951,13776000080,4512,NA,NA,DR MARTIN LUTHER KING,DR,NA,20,8/31/2016 0:00:00,$8750.00,(PKG 1-17)WRECK COMMERCIAL BRICK BLDG
530976,11119000020,2700,-08,N,FLORISSANT,AV,NA,20,9/21/2016 0:00:00,$20000.00,WRECK COMMERCIAL BRICK BLDG
531030,11643000170,3703,-05,NA,OHIO,AV,NA,2,10/3/2016 0:00:00,$4000.00,WRECK 2 STORY 4 FAMILY BRICK HOUSE (PKG 10-FY17)
531032,11527000040,3332,-R,NA,MISSOURI,AV,NA,2,11/7/2016 0:00:00,$3250.00,WRECK REAR FRAME BUILDING  (PKG 10-FY17)
531036,15186000350,3853,NA,NA,GREER,AV,NA,1,8/23/2016 0:00:00,$7500.00,WRECK 2 STORY 2 FAMILY BRICK HOUSE
531049,14238000200,7975,NA,NA,FREDERICK,ST,NA,1,9/8/2016 0:00:00,$9000.00,WRECK 1 STORY SINGLE FAMILY FRAME HOUSE
531050,11009050010,2946,-56,NA,DR MARTIN LUTHER KING,DR,NA,20,9/7/2016 0:00:00,$17250.00,(PKG 13-FY17)WRECK COMMERCIAL BRICK BUILDING
531070,14477020390,2627,NA,NA,MARCUS,AV,NA,1,11/7/2016 0:00:00,$2800.00,WRECK 2 STORY 2 FAMILY BRICK HOUSE (PKG 12-FY17)
531071,13720000170,4540,NA,NA,GARFIELD,AV,NA,1,11/28/2016 0:00:00,$3000.00,WRECK 2 STORY 2 FAMILY BRICK HOUSE (PKG 12-FY17)
531072,14477110160,4758,NA,NA,CUPPLES,PL,NA,1,12/16/2016 0:00:00,$3000.00,WRECK 2 STORY SINGLE FAMILY BRICK HOUSE (PKG 12-FY17)
531073,14470000160,4624,-26,NA,KENNERLY,AV,NA,1,11/28/2016 0:00:00,$3000.00,WRECK 2 STORY 2 FAMILY BRICK HOUSE (PKG 12-FY17)
531074,13135000100,621,NA,W,PRIMM,ST,NA,1,9/29/2016 0:00:00,$5200.00,WRECK 1 STORY SINGLE FAMILY FRAME HOUSE
531076,13600000190,4133,NA,NA,SAN FRANCISCO,AV,NA,1,11/4/2016 0:00:00,$8000.00,WRECK 2 STORY 2 FAMILY BRICK HOUSE
531087,15336000140,5401,R,NA,BLOW,ST,NA,23,8/19/2016 0:00:00,$2500.00,(EMERGENCY 15-FY17)WRECK GARAGE ONLY
531091,15528000560,5401,R,NA,BEACON,AV,NA,23,8/18/2016 0:00:00,$1800.00,(EMERGENCY PKG 16-FY17)WRECK GARAGE ONLY
531094,15792000195,5425,NA,NA,ULENA,AV,NA,23,8/18/2016 0:00:00,$180.00,WRECK 2 CAR FRAME GARAGE
531114,12391000030,3640,REAR,NA,PALM,ST,NA,23,8/19/2016 0:00:00,$500.00,WRECK 1 CAR BRICK GARAGE (REAR)
531169,12438050170,4251,NA,NA,BLAIR,AV,NA,1,10/10/2016 0:00:00,$3999.00,WRECK 2 STORY 2 FAMILY BRICK HOUSE (EMERGENCY DEMOLITION)
531195,10994000095,2809,NA,NA,WASHINGTON,AV,NA,20,10/26/2016 0:00:00,$10000.00,WRECK COMMERCIAL BUILDING
531200,13789000140,5048,NA,NA,WELLS,AV,NA,6,10/21/2016 0:00:00,$6000.00,CLEAR RUBBLE
531203,13789000120,5054,NA,NA,WELLS,AV,NA,1,9/26/2016 0:00:00,$6000.00,WRECK 1 STORY SINGLE FAMILY BRICK HOUSE
531204,13789000110,5056,NA,NA,WELLS,AV,NA,1,11/22/2016 0:00:00,$6000.00,WRECK 2 STORY SINGLE FAMILY BRICK HOUSE
531229,11105000050,2821,NA,N,FLORISSANT,AV,NA,20,10/26/2016 0:00:00,$4000.00,WRECK COMMERCIAL BUILDING (PKG 18-FY17)
531230,11553000380,2019,NA,NA,MIAMI,ST,NA,2,9/23/2016 0:00:00,$3650.00,WRECK 3 STORY 3 FAMILY BRICK HOUSE (PKG 19-FY17)
531232,11553000390,2021,NA,NA,MIAMI,ST,NA,1,9/23/2016 0:00:00,$3650.00,WRECK 1 STORY 1 FAMILY BRICK HOUSE (PKG 19-FY17)
531233,13229000110,116,NA,NA,ESPENSCHIED,ST,NA,1,10/27/2016 0:00:00,$6900.00,WRECK 1 STORY 1 FAMILY FRAME HOME (PKG 17-FY17)
531235,11637000230,3739,-41,NA,CALIFORNIA,AV,NA,2,9/26/2016 0:00:00,$3900.00,WRECK 2 STORY 4 FAMILY BRICK HOUSE (PKG 21-FY17)
531236,15100000020,3376,NA,NA,COMMONWEALTH,AV,NA,1,10/24/2016 0:00:00,$6900.00,WRECK 1 STORY 1 FAMILY FRAME HOME (PKG 17-FY17)
531351,15082000460,5419,NA,NA,UNION,BLVD,NA,1,9/19/2016 0:00:00,$5000.00,WRECK 2 STORY 2 FAMILY BRICK HOUSE
531357,12721000050,4532,NA,NA,MICHIGAN,AV,NA,23,8/31/2016 0:00:00,$500.00,WRECK 2 CAR WOOD GARAGE
531378,16371000250,3986,NA,NA,MERAMEC,ST,NA,1,10/17/2016 0:00:00,$8300.00,WRECK 1 STORY SINGLE FAMILY FRAME HOUSE
531385,13761060620,4627,NA,NA,ENRIGHT,AV,NA,1,10/28/2016 0:00:00,$3700.00,WRECK 2 STORY 1 FAMILY BRICK HOME (PKG 22-FY17)EMERGENCY
531386,13822050190,5838,NA,NA,RIDGE,AV,NA,1,10/21/2016 0:00:00,$3700.00,WRECK 2 STORY 1 FAMILY BRICK HOME (PKG22-FY17)
531389,13672000055,4270,-72,NA,LABADIE,AV,NA,1,11/9/2016 0:00:00,$3750.00,WRECK 2 STORY 1 FAMILY BRICK HOME (PKG 23-FY17)
531427,12626000210,4129,R,NA,OREGON,AV,NA,23,9/6/2016 0:00:00,$1000.00,WRECK 3 CAR FRAME GARAGE
531433,11658000010,2153,REAR,NA,STANSBURY,ST,NA,1,9/6/2016 0:00:00,$0.00,WRECK 1 CAR BRICK GARAGE (GARAGE IS IN FRONT)
531479,12699000150,3217,NA,N,DAKOTA,ST,NA,23,9/7/2016 0:00:00,$3000.00,WRECK 2 CAR FRAME GARAGE
531481,14474000030,4640,NA,NA,LEDUC,ST,NA,1,12/9/2016 0:00:00,$3700.00,WRECK 3 STORY 2 FAMIY BRICK HOUSE (PKG 24-FY17)
531507,11062000135,714,-718,N,GRAND,BLVD,NA,20,9/8/2016 0:00:00,$5000.00,DEMOLISH NORTHEAST WALL (ALONG PARKING LOT)
531558,15179000220,5525,-R,NA,NOTTINGHAM,AV,NA,23,9/9/2016 0:00:00,$200.00,WRECK 1 CAR FRAME GARAGE
531568,16314000100,4400,NA,NA,HAMPTON,AV,NA,20,10/11/2016 0:00:00,$16400.00,WRECK BRICK COMMERCIAL BLDG
531586,15090000090,4918,NA,NA,UNION,BLVD,NA,1,10/11/2016 0:00:00,$14500.00,WRECK 2 FAMILY 2 STORY BRICK HOUSE
531591,11574000270,3519,NA,NA,OREGON,AV,NA,2,11/9/2016 0:00:00,$9000.00,WRECK 2 STORY 4 FAMILY BRICK HOUSE
531615,11533000170,3315,-17,NA,LEMP,AV,NA,2,10/4/2016 0:00:00,$5900.00,(CITY PKG 25-FY17)WRECK 2 STORY 3 FAMILY BRICK HOUSE
531618,12643000160,3740,R,NA,MERAMEC,ST,NA,23,9/14/2016 0:00:00,$300.00,WRECK 1 CAR FRAME GARAGE (CFO 30 DAYS)
531695,15652000360,5317,NA,NA,ITASKA,ST,NA,23,9/19/2016 0:00:00,$500.00,WRECK 1 CAR FRAME GARAGE
531717,11527000200,3327,NA,NA,ILLINOIS,AV,NA,1,10/3/2016 0:00:00,$9800.00,(EMERGENCY 30-FY17)WRECK 2 STORY 2 FAMILY BRICK HOUSE
531737,11640000060,3728,NA,NA,CALIFORNIA,AV,NA,1,10/26/2016 0:00:00,$10000.00,WRECK 2 STORY SINGLE FAMILY BRICK HOUSE
531750,15137000170,5836,NA,W,FLORISSANT,AV,NA,1,11/29/2016 0:00:00,$4500.00,WRECK 1 STORY 1 FAMILY FRAME HOUSE-REAR (PKG 27-FY17)
531751,15414000230,5275,NA,NA,GILMORE,AV,NA,1,11/29/2016 0:00:00,$5200.00,WRECK 1.5 STORY SINGLE FAMILY FRAME HOUSE (PKG 27-FY17)
531752,15398000370,4943,NA,NA,PLOVER,AV,NA,1,11/29/2016 0:00:00,$4500.00,WRECK 1 STORY SINGLE FAMILY FRAME HOUSE (PKG 27-FY17)
531754,15320000110,4942,NA,NA,GENEVIEVE,AV,NA,1,11/29/2016 0:00:00,$4500.00,WRECK 1 STORY SINGLE FAMILY FRAME HOUSE (PKG 27-FY17)
531758,15346000270,6015,NA,NA,THEKLA,AV,NA,1,11/17/2016 0:00:00,$5500.00,WRECK 1 STORY 1 FAMILY FRAME HOME (PKG 28-FY17)
531759,15359000210,5903,NA,NA,EMMA,AV,NA,1,11/17/2016 0:00:00,$7900.00,WRECK 2 STORY 2 FAMILY FRAME HOME (PKG 28-FY17)
531760,15346000180,6014,NA,NA,LUCILLE,AV,NA,1,11/30/2016 0:00:00,$6750.00,WRECK 1 STORY 1 FAMILY FRAME HOME (PKG 28-FY17)
531786,14839000100,5056,NA,NA,CATES,AV,NA,36,9/22/2016 0:00:00,$3500.00,REMOVE FRONT & REAR PORCHES (PER PLANS)
531793,15273000350,4569,-71,NA,RAY,AV,NA,23,9/22/2016 0:00:00,$1500.00,WRECE 2 CAR FRAME GARAGE (MACHINE & HAND WRECK)
531830,13644020240,3937,NA,NA,LINCOLN,AV,NA,1,10/27/2016 0:00:00,$11900.00,WRECK 2 STORY 1 FAMILY FRAME HOUSE
531831,13575000360,4163,-67,NA,LEE,AV,NA,20,12/7/2016 0:00:00,$6000.00,WRECK 2 STORY MIXED USE BRICK BLDG
531838,14990000450,1514,NA,NA,HAMILTON,AV,NA,0,11/10/2016 0:00:00,$7750.00,WRECK 2 STORY 2 FAMILY BRICK HOUSE
531863,13311000290,1429,NA,NA,GANO,AV,NA,1,10/20/2016 0:00:00,$6966.00,WRECK 1 FAMILY 2 STORY FRAME HOME (PKG NO 31-FY17)
531864,15399000370,869,NA,NA,ELIAS,AV,NA,1,10/20/2016 0:00:00,$6966.00,WRECK 2 FAMILY 2 STORY FRAME HOME (PKG NO 31-FY17)
531866,14334020150,8554,NA,NA,TRAFFORD,LA,NA,1,10/20/2016 0:00:00,$6966.00,WRECK 1 FAMILY 1 STORY FRAME HOME (PKG NO 31-FY17)
531867,13388000140,1452,NA,E,COLLEGE,AV,NA,1,10/21/2016 0:00:00,$2000.00,WRECK 1 FAMILY 1 STORY FRAME HOME (PKG NO 31-FY17)
531868,15253000030,8532,R,NA,CHURCH,RD,NA,1,9/27/2016 0:00:00,$2000.00,WRECK REAR GARAGE ONLY (PKG NO 31-FY17)
531895,15064000210,6649,NA,NA,VILLA,AV,NA,1,10/24/2016 0:00:00,$11500.00,WRECK 2 STORY SINGLE FAMILY FRAME HOUSE
531909,13577000110,3903,NA,NA,LEE,AV,NA,1,11/9/2016 0:00:00,$5500.00,WRECK 2 STORY 1 FAMILY BRICK HOUSE
531994,12634000300,3445,-R,NA,KLOCKE,ST,NA,23,10/3/2016 0:00:00,$1100.00,WRECK ONE CAR FRAME GARAGE
532002,13600000090,4112,-14R,NA,MARGARETTA,AV,NA,23,10/4/2016 0:00:00,$500.00,WRECK 4 CAR FRAME GARAGE
532026,15301000080,4318,NA,NA,FRIEDA,AV,NA,1,10/26/2016 0:00:00,$5950.00,WRECK 1 STORY 1 FAMILY FRAME HOME (PKG 34-FY17)
532031,15487000040,4019,NA,NA,TAFT,AV,NA,1,11/1/2016 0:00:00,$13500.00,WRECK 1 STORY SINGLE FAMILY FRAME HOUSE
532032,14558000080,4346,NA,NA,COOK,AV,NA,1,11/9/2016 0:00:00,$11500.00,WRECK 2 STORY 2 FAMILY BRICK HOUSE
532034,14558000330,4351,-53,NA,FINNEY,AV,NA,1,11/9/2016 0:00:00,$14500.00,WRECK 2 STORY 2 FAMILY BRICK HOUSE
532035,14558000170,4318,NA,NA,COOK,AV,NA,1,11/9/2016 0:00:00,$11500.00,WRECK 3 STORY 2 FAMILY BRICK HOUSE
532073,15650000680,5531,R,NA,WALSH,ST,NA,23,10/6/2016 0:00:00,$1750.00,WRECK REAR FRAME GARAGE
532099,12569000410,2853,-55,NA,OSAGE,ST,NA,1,10/26/2016 0:00:00,$15500.00,WRECK 3 STORY 2 FAMILY BRICK HOME (PKG 35-FY17)
532180,14195000200,4410,NA,S,39TH,ST,NA,23,10/12/2016 0:00:00,$500.00,WRECK 1 CAR FRAME GARAGE
532218,11267000030,1418,NA,S,CARDINAL,AV,NA,1,11/29/2016 0:00:00,$5100.00,WRECK 1 FAMILY 1 STORY BRICK HOME (PKG 38-FY17)
532225,11883000260,1442,-44,N,GRAND,BLVD,NA,20,11/18/2016 0:00:00,$22500.00,WRECK COMMERCIAL BRICK BLDG
532239,12719000010,4544,NA,NA,PENNSYLVANIA,AV,NA,23,10/14/2016 0:00:00,$3700.00,WRECK 2 CAR FRAME GARAGE ( HANDWRECK ) HEALTHY HOMES
532253,14481090200,3012,NA,NA,WALTON,PL,NA,1,12/14/2016 0:00:00,$5095.00,WRECK 2 STORY 1 FAMILY FRAME HOUSE (PKG 40-FY17)
532255,14481090210,3014,NA,NA,WALTON,PL,NA,1,12/14/2016 0:00:00,$4950.00,WRECK 1 STORY 1 FAMILY BRICK HOUSE (PKG 40-FY17)
532306,16257000270,5723,-R,NA,MARDEL,AV,NA,23,10/18/2016 0:00:00,$1500.00,WRECK 1 CAR FRAME GARAGE
532327,13587000720,3935,NA,NA,SHERMAN,PL,NA,1,11/8/2016 0:00:00,$5800.00,WRECK 1 STORY 1 FAMILY BRICK HOUSE  (PKG 36-FY17)
532370,13662000180,1820,NA,NA,BELLE GLADE,AV,NA,1,11/10/2016 0:00:00,$6500.00,WRECK SINGLE FAMILY 1 STORY BRICK HOUSE
532371,13662000150,1814,NA,NA,BELLE GLADE,AV,NA,0,11/10/2016 0:00:00,$6500.00,WRECK SINGLE FAMILY 1 STORY BRICK HOUSE
532523,15271000260,4547,R,NA,ADKINS,AV,NA,0,10/26/2016 0:00:00,$1350.00,WRECK 1 CAR FRAME GARAGE
532537,13307000290,4311,NA,NA,GANO,AV,NA,1,12/13/2016 0:00:00,$7900.00,WRECK 2 STORY 2 FAMILY BRICK HOUSE
532559,19098000024,1200,-18,NA,CENTRAL INDUSTRIAL,DR,NA,20,12/27/2016 0:00:00,$130179.00,WRECK 2 STORY COMMERCIAL BLDG  (BLDG B)
532593,15600000110,6900,NA,NA,WEST PARK,AV,NA,23,10/28/2016 0:00:00,$500.00,WRECK 1 CAR GARAGE  (HAND WRECK)
532613,11092000100,2200,NA,NA,ST LOUIS,AV,NA,1,11/15/2016 0:00:00,$22500.00,WRECK 1 FAMILY 2 STORY BRICK HOME (PKG LCRA-17-10-1)
532624,14388060260,4814,-R,NA,SAN FRANCISCO,AV,NA,23,10/31/2016 0:00:00,$100.00,WRECK 1 CAR FRAME GARAGE
532625,13830110240,5945,-51,NA,BARTMER,AV,NA,2,12/9/2016 0:00:00,$11500.00,WRECK 2 STORY 4 FAMILY BRICK HOUSE
532630,10784000040,1302,-24,NA,RUSSELL,BLVD,NA,20,11/21/2016 0:00:00,$98700.00,WRECK COMMERCIAL BLDG & GARAGE IN REAR
532646,12728000200,4523,-R,NA,ALASKA,AV,NA,23,10/31/2016 0:00:00,$1200.00,WRECK 1.5 CAR BRICK GARAGE
532677,15090000110,4932,NA,NA,UNION,BLVD,NA,20,12/13/2016 0:00:00,$16500.00,WRECK 2 STORY MIX USE BRICK BUILDING
532696,15005030070,7022,-R,NA,MARQUETTE,AV,NA,6,11/2/2016 0:00:00,$200.00,WRECK SHED
532749,11006000270,2919,NA,NA,DAYTON,ST,NA,1,11/17/2016 0:00:00,$5700.00,(PKG 41-FY17) WRECK 3 STORY 1 FAMILY BRICK HOUSE
532754,14558000400,4373,NA,NA,FINNEY,AV,NA,20,12/13/2016 0:00:00,$5000.00,WRECK COMMERCIAL BUILDING
532756,14558000410,4375,-79,NA,FINNEY,AV,NA,20,12/13/2016 0:00:00,$5000.00,WRECK 2 STORY COMMERCIAL BUILDING
532802,14839000160,5038,NA,NA,CATES,AV,NA,1,12/8/2016 0:00:00,$5500.00,WRECK 2 STORY 2 FAMILY BRICK HOME (PKG 43-FY17)
532803,14839000070,5068,NA,NA,CATES,AV,NA,1,12/8/2016 0:00:00,$5500.00,WRECK 2 STORY 2 FAMILY BRICK HOME (PKG 43-FY17)
532806,14460000195,4661,NA,NA,ELMBANK,AV,NA,1,12/12/2016 0:00:00,$6100.00,WRECK 2 STORY 1 FAMILY BRICK HOME (PKG 39 FY-17)
532807,14460000196,4663,NA,NA,ELMBANK,AV,NA,1,12/12/2016 0:00:00,$5100.00,WRECK 2 STORY 1 FAMILY BRICK HOME  (PKG 39-FY17)
532883,14066000230,5312,NA,NA,REBER,PL,NA,23,11/10/2016 0:00:00,$1000.00,WRECK ONE CAR FRAME GARAGE
532893,13920000110,3920,-26,NA,WEST PINE,BLVD,NA,20,12/8/2016 0:00:00,$92000.00,WRECK COMMERCIAL BLDG
532978,14077000350,5231,NA,NA,SHAW,AV,NA,1,12/19/2016 0:00:00,$10000.00,WRECK 1 STORY 1 FAMILY FRAME HOUSE
532979,14077000390,5241,NA,NA,SHAW,AV,NA,1,12/19/2016 0:00:00,$10000.00,WRECK 1 STORY 1 FAMILY FRAME HOUSE
532995,11503000090,3326,NA,NA,MICHIGAN,AV,NA,23,11/17/2016 0:00:00,$100.00,WRECK FRAME GARAGE
532999,15201000350,2635,NA,NA,CLARA,AV,NA,1,12/29/2016 0:00:00,$2500.00,WRECK 1 STORY 1 FAMILY BRICK HOME (PKG 45-FY17)
533e3,14999000080,5958,NA,NA,COTE BRILLIANTE,AV,NA,1,12/16/2016 0:00:00,$5000.00,WRECK 2 STORY 1 FAMILY BRICK HOME (PKG 45-FY17)
533139,14912000030,6052,NA,NA,MAPLE,AV,NA,1,12/23/2016 0:00:00,$4700.00,WRECK 2 STORY 2 FAMILY BRICK HOME (PKG-NO 50-FY17)
533187,13511000010,6900,NA,N,BROADWAY,NA,NA,20,12/23/2016 0:00:00,$5000.00,WRECK COMMERCIAL BRICK BLDG
533190,15785000040,5630,-R,NA,PAMPLIN,AV,NA,23,12/1/2016 0:00:00,$400.00,WRECK 1 CAR WOOD GARAGE
533509,12629000090,4118,R,NA,MICHIGAN,AV,NA,23,12/21/2016 0:00:00,$2500.00,WRECK SINGLE CAR FRAME GARAGE
533556,14609030140,1411,NA,NA,TAMM,AV,NA,23,12/27/2016 0:00:00,$500.00,WRECT 1 CAR WOOD GARAGE
